Workbook

Sheet orders
A1: order_id | B1: order_month | C1: first_name | D1: last_name | E1: region | F1: rep_name | G1: item | H1: quantity | I1: amount | J1: status | K1: clean_first_name | L1: clean_last_name | M1: category | N1: unit_price | O1: revenue_calc | R1: =_xlfn.XLOOKUP("Mystery Item",products!$A$2:$A$10,products!$C$2:$C$10,"UNKNOWN_ITEM") -> UNKNOWN_ITEM
A2: 1001 | B2: 2026-09 | C2: MEERA | D2: Patil | E2: South | F2: Kavya Nair | G2: Bluetooth Speaker | H2: 2 | I2: NULL | J2: pending | K2: =PROPER(TRIM(C2)) -> Meera | L2: =PROPER(TRIM(D2)) -> Patil | M2: =VLOOKUP(G:G,products!A:B,2,FALSE) -> Electronics | N2: =_xlfn.XLOOKUP(G2,products!$A$2:$A$10,products!$C$2:$C$10,"UNKNOWN_ITEM") -> 2800 | O2: =N2*H2 -> 5600
A3: 1002 | B3: 2026-09 | C3: Nisha | D3: Mishra | E3: West | F3: Neha Kulkarni | G3: Smart Watch | H3: 1 | I3: 4500 | J3: pending | K3: =PROPER(TRIM(C3)) -> Nisha | L3: =PROPER(TRIM(D3)) -> Mishra | M3: =VLOOKUP(G:G,products!A:B,2,FALSE) -> Electronics | N3: =_xlfn.XLOOKUP(G3,products!$A$2:$A$10,products!$C$2:$C$10,"UNKNOWN_ITEM") -> 4500 | O3: =N3*H3 -> 4500
A4: 1003 | B4: 2026-09 | C4: Lakshmi | D4: Kapoor | E4: South | F4: Kavya Nair | G4: Air Fryer | H4: 2 | I4: 10400 | J4: disputed | K4: =PROPER(TRIM(C4)) -> Lakshmi | L4: =PROPER(TRIM(D4)) -> Kapoor | M4: =VLOOKUP(G:G,products!A:B,2,FALSE) -> Home | N4: =_xlfn.XLOOKUP(G4,products!$A$2:$A$10,products!$C$2:$C$10,"UNKNOWN_ITEM") -> 5200 | O4: =N4*H4 -> 10400
A5: 1004 | B5: 2026-09 | C5: Gaurav | D5: Yadav | E5: East | F5: Sanjay Roy | G5: Cotton Kurta | H5: 2 | I5: 2800 | J5: pending | K5: =PROPER(TRIM(C5)) -> Gaurav | L5: =PROPER(TRIM(D5)) -> Yadav | M5: =VLOOKUP(G:G,products!A:B,2,FALSE) -> Apparel | N5: =_xlfn.XLOOKUP(G5,products!$A$2:$A$10,products!$C$2:$C$10,"UNKNOWN_ITEM") -> 1400 | O5: =N5*H5 -> 2800
A6: 1061 | B6: 2026-11 | C6: Nisha | D6: Mishra | E6: West | F6: Neha Kulkarni | G6: Air Fryer | H6: 3 | I6: 15600 | J6: completed | K6: =PROPER(TRIM(C6)) -> Nisha | L6: =PROPER(TRIM(D6)) -> Mishra | M6: =VLOOKUP(G:G,products!A:B,2,FALSE) -> Home | N6: =_xlfn.XLOOKUP(G6,products!$A$2:$A$10,products!$C$2:$C$10,"UNKNOWN_ITEM") -> 5200 | O6: =N6*H6 -> 15600
A7: 1065 | B7: 2026-11 | C7: Tanvi | D7: Thakur | E7: South | F7: Kavya Nair | G7: Air Fryer | H7: 3 | I7: 15600 | J7: completed | K7: =PROPER(TRIM(C7)) -> Tanvi | L7: =PROPER(TRIM(D7)) -> Thakur | M7: =VLOOKUP(G:G,products!A:B,2,FALSE) -> Home | N7: =_xlfn.XLOOKUP(G7,products!$A$2:$A$10,products!$C$2:$C$10,"UNKNOWN_ITEM") -> 5200 | O7: =N7*H7 -> 15600
A8: 1069 | B8: 2026-11 | C8: Aditya | D8: Rao | E8: East | F8: Sanjay Roy | G8: Air Fryer | H8: 3 | I8: 15600 | J8: completed | K8: =PROPER(TRIM(C8)) -> Aditya | L8: =PROPER(TRIM(D8)) -> Rao | M8: =VLOOKUP(G:G,products!A:B,2,FALSE) -> Home | N8: =_xlfn.XLOOKUP(G8,products!$A$2:$A$10,products!$C$2:$C$10,"UNKNOWN_ITEM") -> 5200 | O8: =N8*H8 -> 15600
A9: 1077 | B9: 2026-11 | C9: RAHUL | D9: VERMA | E9: East | F9: Sanjay Roy | G9: Air Fryer | H9: 3 | I9: 15600 | J9: completed | K9: =PROPER(TRIM(C9)) -> Rahul | L9: =PROPER(TRIM(D9)) -> Verma | M9: =VLOOKUP(G:G,products!A:B,2,FALSE) -> Home | N9: =_xlfn.XLOOKUP(G9,products!$A$2:$A$10,products!$C$2:$C$10,"UNKNOWN_ITEM") -> 5200 | O9: =N9*H9 -> 15600
A10: 1006 | B10: 2026-09 | C10: Vikram | D10: Singh | E10: North | F10: Arjun Mehta | G10: Smart Watch | H10: 3 | I10: 13500 | J10: completed | K10: =PROPER(TRIM(C10)) -> Vikram | L10: =PROPER(TRIM(D10)) -> Singh | M10: =VLOOKUP(G:G,products!A:B,2,FALSE) -> Electronics | N10: =_xlfn.XLOOKUP(G10,products!$A$2:$A$10,products!$C$2:$C$10,"UNKNOWN_ITEM") -> 4500 | O10: =N10*H10 -> 13500
A11: 1010 | B11: 2026-09 | C11: Gaurav | D11: Yadav | E11: East | F11: Sanjay Roy | G11: Wireless Earbuds | H11: 1 | I11: NULL | J11: pending | K11: =PROPER(TRIM(C11)) -> Gaurav | L11: =PROPER(TRIM(D11)) -> Yadav | M11: =VLOOKUP(G:G,products!A:B,2,FALSE) -> Electronics | N11: =_xlfn.XLOOKUP(G11,products!$A$2:$A$10,products!$C$2:$C$10,"UNKNOWN_ITEM") -> 3200 | O11: =N11*H11 -> 3200
A12: 1011 | B12: 2026-09 | C12: Isha | D12: Pillai | E12: West | F12: Neha Kulkarni | G12: Air Fryer | H12: 3 | I12: 15600 | J12: disputed | K12: =PROPER(TRIM(C12)) -> Isha | L12: =PROPER(TRIM(D12)) -> Pillai | M12: =VLOOKUP(G:G,products!A:B,2,FALSE) -> Home | N12: =_xlfn.XLOOKUP(G12,products!$A$2:$A$10,products!$C$2:$C$10,"UNKNOWN_ITEM") -> 5200 | O12: =N12*H12 -> 15600
A13: 1040 | B13: 2026-10 | C13: aarav | D13: Sharma | E13: North | F13: Arjun Mehta | G13: Smart Watch | H13: 3 | I13: 13500 | J13: completed | K13: =PROPER(TRIM(C13)) -> Aarav | L13: =PROPER(TRIM(D13)) -> Sharma | M13: =VLOOKUP(G:G,products!A:B,2,FALSE) -> Electronics | N13: =_xlfn.XLOOKUP(G13,products!$A$2:$A$10,products!$C$2:$C$10,"UNKNOWN_ITEM") -> 4500 | O13: =N13*H13 -> 13500
A14: 1013 | B14: 2026-09 | C14: Harsh | D14: Chopra | E14: East | F14: Sanjay Roy | G14: Smart Watch | H14: 2 | I14: 9000 | J14: disputed | K14: =PROPER(TRIM(C14)) -> Harsh | L14: =PROPER(TRIM(D14)) -> Chopra | M14: =VLOOKUP(G:G,products!A:B,2,FALSE) -> Electronics | N14: =_xlfn.XLOOKUP(G14,products!$A$2:$A$10,products!$C$2:$C$10,"UNKNOWN_ITEM") -> 4500 | O14: =N14*H14 -> 9000
A15: 1021 | B15: 2026-09 | C15: Manoj | D15: Desai | E15: North | F15: Arjun Mehta | G15: Air Fryer | H15: 2 | I15: 10400 | J15: completed | K15: =PROPER(TRIM(C15)) -> Manoj | L15: =PROPER(TRIM(D15)) -> Desai | M15: =VLOOKUP(G:G,products!A:B,2,FALSE) -> Home | N15: =_xlfn.XLOOKUP(G15,products!$A$2:$A$10,products!$C$2:$C$10,"UNKNOWN_ITEM") -> 5200 | O15: =N15*H15 -> 10400
A16: 1022 | B16: 2026-09 | C16: Vikram | D16: Singh | E16: North | F16: Arjun Mehta | G16: Air Fryer | H16: 2 | I16: 10400 | J16: completed | K16: =PROPER(TRIM(C16)) -> Vikram | L16: =PROPER(TRIM(D16)) -> Singh | M16: =VLOOKUP(G:G,products!A:B,2,FALSE) -> Home | N16: =_xlfn.XLOOKUP(G16,products!$A$2:$A$10,products!$C$2:$C$10,"UNKNOWN_ITEM") -> 5200 | O16: =N16*H16 -> 10400
A17: 1083 | B17: 2026-11 | C17: Lakshmi | D17: Kapoor | E17: South | F17: Kavya Nair | G17: Air Fryer | H17: 2 | I17: 10400 | J17: completed | K17: =PROPER(TRIM(C17)) -> Lakshmi | L17: =PROPER(TRIM(D17)) -> Kapoor | M17: =VLOOKUP(G:G,products!A:B,2,FALSE) -> Home | N17: =_xlfn.XLOOKUP(G17,products!$A$2:$A$10,products!$C$2:$C$10,"UNKNOWN_ITEM") -> 5200 | O17: =N17*H17 -> 10400
A18: 1054 | B18: 2026-10 | C18: Manoj | D18: Desai | E18: North | F18: Arjun Mehta | G18: Wireless Earbuds | H18: 3 | I18: 9600 | J18: completed | K18: =PROPER(TRIM(C18)) -> Manoj | L18: =PROPER(TRIM(D18)) -> Desai | M18: =VLOOKUP(G:G,products!A:B,2,FALSE) -> Electronics | N18: =_xlfn.XLOOKUP(G18,products!$A$2:$A$10,products!$C$2:$C$10,"UNKNOWN_ITEM") -> 3200 | O18: =N18*H18 -> 9600
A19: 1090 | B19: 2026-11 | C19: karthik | D19: nair | E19: East | F19: Sanjay Roy | G19: Wireless Earbuds | H19: 3 | I19: 9600 | J19: completed | K19: =PROPER(TRIM(C19)) -> Karthik | L19: =PROPER(TRIM(D19)) -> Nair | M19: =VLOOKUP(G:G,products!A:B,2,FALSE) -> Electronics | N19: =_xlfn.XLOOKUP(G19,products!$A$2:$A$10,products!$C$2:$C$10,"UNKNOWN_ITEM") -> 3200 | O19: =N19*H19 -> 9600
A20: 1015 | B20: 2026-09 | C20: Lakshmi | D20: Kapoor | E20: South | F20: Kavya Nair | G20: Smart Watch | H20: 2 | I20: 9000 | J20: completed | K20: =PROPER(TRIM(C20)) -> Lakshmi | L20: =PROPER(TRIM(D20)) -> Kapoor | M20: =VLOOKUP(G:G,products!A:B,2,FALSE) -> Electronics | N20: =_xlfn.XLOOKUP(G20,products!$A$2:$A$10,products!$C$2:$C$10,"UNKNOWN_ITEM") -> 4500 | O20: =N20*H20 -> 9000
A21: 1049 | B21: 2026-10 | C21: aarav | D21: Sharma | E21: North | F21: Arjun Mehta | G21: Smart Watch | H21: 2 | I21: 9000 | J21: completed | K21: =PROPER(TRIM(C21)) -> Aarav | L21: =PROPER(TRIM(D21)) -> Sharma | M21: =VLOOKUP(G:G,products!A:B,2,FALSE) -> Electronics | N21: =_xlfn.XLOOKUP(G21,products!$A$2:$A$10,products!$C$2:$C$10,"UNKNOWN_ITEM") -> 4500 | O21: =N21*H21 -> 9000
A22: 1016 | B22: 2026-09 | C22: Pooja | D22: Menon | E22: West | F22: Neha Kulkarni | G22: Denim Jacket | H22: 3 | I22: 7500 | J22: completed | K22: =PROPER(TRIM(C22)) -> Pooja | L22: =PROPER(TRIM(D22)) -> Menon | M22: =VLOOKUP(G:G,products!A:B,2,FALSE) -> Apparel | N22: =_xlfn.XLOOKUP(G22,products!$A$2:$A$10,products!$C$2:$C$10,"UNKNOWN_ITEM") -> 2500 | O22: =N22*H22 -> 7500
A23: 1019 | B23: 2026-09 | C23: Vikram | D23: Singh | E23: North | F23: Arjun Mehta | G23: Running Shoes | H23: 2 | I23: 7200 | J23: completed | K23: =PROPER(TRIM(C23)) -> Vikram | L23: =PROPER(TRIM(D23)) -> Singh | M23: =VLOOKUP(G:G,products!A:B,2,FALSE) -> Apparel | N23: =_xlfn.XLOOKUP(G23,products!$A$2:$A$10,products!$C$2:$C$10,"UNKNOWN_ITEM") -> 3600 | O23: =N23*H23 -> 7200
... A64: 1063 | B64: 2026-11 | C64: MEERA | D64: Patil | E64: South | F64: Kavya Nair | G64: Air Fryer | H64: 1 | I64: 5200 | J64: pending | K64: =PROPER(TRIM(C64)) -> Meera | L64: =PROPER(TRIM(D64)) -> Patil | M64: =VLOOKUP(G:G,products!A:B,2,FALSE) -> Home | N64: =_xlfn.XLOOKUP(G64,products!$A$2:$A$10,products!$C$2:$C$10,"UNKNOWN_ITEM") -> 5200 | O64: =N64*H64 -> 5200
A65: 1064 | B65: 2026-11 | C65: Isha | D65: Pillai | E65: West | F65: Neha Kulkarni | G65: Bluetooth Speaker | H65: 1 | I65: NULL | J65: pending | K65: =PROPER(TRIM(C65)) -> Isha | L65: =PROPER(TRIM(D65)) -> Pillai | M65: =VLOOKUP(G:G,products!A:B,2,FALSE) -> Electronics | N65: =_xlfn.XLOOKUP(G65,products!$A$2:$A$10,products!$C$2:$C$10,"UNKNOWN_ITEM") -> 2800 | O65: =N65*H65 -> 2800
A66: 1088 | B66: 2026-11 | C66: Sneha | D66: Das | E66: West | F66: Neha Kulkarni | G66: Wireless Earbuds | H66: 1 | I66: 3200 | J66: completed | K66: =PROPER(TRIM(C66)) -> Sneha | L66: =PROPER(TRIM(D66)) -> Das | M66: =VLOOKUP(G:G,products!A:B,2,FALSE) -> Electronics | N66: =_xlfn.XLOOKUP(G66,products!$A$2:$A$10,products!$C$2:$C$10,"UNKNOWN_ITEM") -> 3200 | O66: =N66*H66 -> 3200
A67: 1038 | B67: 2026-10 | C67: RAHUL | D67: VERMA | E67: East | F67: Sanjay Roy | G67: Cotton Kurta | H67: 2 | I67: 2800 | J67: completed | K67: =PROPER(TRIM(C67)) -> Rahul | L67: =PROPER(TRIM(D67)) -> Verma | M67: =VLOOKUP(G:G,products!A:B,2,FALSE) -> Apparel | N67: =_xlfn.XLOOKUP(G67,products!$A$2:$A$10,products!$C$2:$C$10,"UNKNOWN_ITEM") -> 1400 | O67: =N67*H67 -> 2800
A68: 1041 | B68: 2026-10 | C68: Divya | D68: Gupta | E68: West | F68: Neha Kulkarni | G68: Bluetooth Speaker | H68: 1 | I68: 2800 | J68: completed | K68: =PROPER(TRIM(C68)) -> Divya | L68: =PROPER(TRIM(D68)) -> Gupta | M68: =VLOOKUP(G:G,products!A:B,2,FALSE) -> Electronics | N68: =_xlfn.XLOOKUP(G68,products!$A$2:$A$10,products!$C$2:$C$10,"UNKNOWN_ITEM") -> 2800 | O68: =N68*H68 -> 2800
A69: 1068 | B69: 2026-11 | C69: Harsh | D69: Chopra | E69: East | F69: Sanjay Roy | G69: Air Fryer | H69: 1 | I69: 5200 | J69: pending | K69: =PROPER(TRIM(C69)) -> Harsh | L69: =PROPER(TRIM(D69)) -> Chopra | M69: =VLOOKUP(G:G,products!A:B,2,FALSE) -> Home | N69: =_xlfn.XLOOKUP(G69,products!$A$2:$A$10,products!$C$2:$C$10,"UNKNOWN_ITEM") -> 5200 | O69: =N69*H69 -> 5200
A70: 1043 | B70: 2026-10 | C70: Rohit | D70: Khan | E70: North | F70: Arjun Mehta | G70: Bluetooth Speaker | H70: 1 | I70: 2800 | J70: completed | K70: =PROPER(TRIM(C70)) -> Rohit | L70: =PROPER(TRIM(D70)) -> Khan | M70: =VLOOKUP(G:G,products!A:B,2,FALSE) -> Electronics | N70: =_xlfn.XLOOKUP(G70,products!$A$2:$A$10,products!$C$2:$C$10,"UNKNOWN_ITEM") -> 2800 | O70: =N70*H70 -> 2800
A71: 1051 | B71: 2026-10 | C71: Sneha | D71: Das | E71: West | F71: Neha Kulkarni | G71: Cotton Kurta | H71: 2 | I71: 2800 | J71: completed | K71: =PROPER(TRIM(C71)) -> Sneha | L71: =PROPER(TRIM(D71)) -> Das | M71: =VLOOKUP(G:G,products!A:B,2,FALSE) -> Apparel | N71: =_xlfn.XLOOKUP(G71,products!$A$2:$A$10,products!$C$2:$C$10,"UNKNOWN_ITEM") -> 1400 | O71: =N71*H71 -> 2800
A72: 1071 | B72: 2026-11 | C72: Tanvi | D72: Thakur | E72: South | F72: Kavya Nair | G72: Air Fryer | H72: 1 | I72: 5200 | J72: pending | K72: =PROPER(TRIM(C72)) -> Tanvi | L72: =PROPER(TRIM(D72)) -> Thakur | M72: =VLOOKUP(G:G,products!A:B,2,FALSE) -> Home | N72: =_xlfn.XLOOKUP(G72,products!$A$2:$A$10,products!$C$2:$C$10,"UNKNOWN_ITEM") -> 5200 | O72: =N72*H72 -> 5200
A73: 1076 | B73: 2026-11 | C73: Gaurav | D73: Yadav | E73: East | F73: Sanjay Roy | G73: Cotton Kurta | H73: 2 | I73: 2800 | J73: completed | K73: =PROPER(TRIM(C73)) -> Gaurav | L73: =PROPER(TRIM(D73)) -> Yadav | M73: =VLOOKUP(G:G,products!A:B,2,FALSE) -> Apparel | N73: =_xlfn.XLOOKUP(G73,products!$A$2:$A$10,products!$C$2:$C$10,"UNKNOWN_ITEM") -> 1400 | O73: =N73*H73 -> 2800
A74: 1080 | B74: 2026-11 | C74: Harsh | D74: Chopra | E74: East | F74: Sanjay Roy | G74: Bluetooth Speaker | H74: 1 | I74: 2800 | J74: completed | K74: =PROPER(TRIM(C74)) -> Harsh | L74: =PROPER(TRIM(D74)) -> Chopra | M74: =VLOOKUP(G:G,products!A:B,2,FALSE) -> Electronics | N74: =_xlfn.XLOOKUP(G74,products!$A$2:$A$10,products!$C$2:$C$10,"UNKNOWN_ITEM") -> 2800 | O74: =N74*H74 -> 2800
A75: 1032 | B75: 2026-10 | C75: karthik | D75: nair | E75: East | F75: Sanjay Roy | G75: Table Lamp | H75: 2 | I75: 2200 | J75: completed | K75: =PROPER(TRIM(C75)) -> Karthik | L75: =PROPER(TRIM(D75)) -> Nair | M75: =VLOOKUP(G:G,products!A:B,2,FALSE) -> Home | N75: =_xlfn.XLOOKUP(G75,products!$A$2:$A$10,products!$C$2:$C$10,"UNKNOWN_ITEM") -> 1100 | O75: =N75*H75 -> 2200
A76: 1075 | B76: 2026-11 | C76: Sneha | D76: Das | E76: West | F76: Neha Kulkarni | G76: Running Shoes | H76: 1 | I76: 3600 | J76: pending | K76: =PROPER(TRIM(C76)) -> Sneha | L76: =PROPER(TRIM(D76)) -> Das | M76: =VLOOKUP(G:G,products!A:B,2,FALSE) -> Apparel | N76: =_xlfn.XLOOKUP(G76,products!$A$2:$A$10,products!$C$2:$C$10,"UNKNOWN_ITEM") -> 3600 | O76: =N76*H76 -> 3600
A77: 1039 | B77: 2026-10 | C77: RAHUL | D77: VERMA | E77: East | F77: Sanjay Roy | G77: Table Lamp | H77: 2 | I77: 2200 | J77: completed | K77: =PROPER(TRIM(C77)) -> Rahul | L77: =PROPER(TRIM(D77)) -> Verma | M77: =VLOOKUP(G:G,products!A:B,2,FALSE) -> Home | N77: =_xlfn.XLOOKUP(G77,products!$A$2:$A$10,products!$C$2:$C$10,"UNKNOWN_ITEM") -> 1100 | O77: =N77*H77 -> 2200
... A91: 1089 | B91: 2026-11 | C91: MEERA | D91: Patil | E91: South | F91: Kavya Nair | G91: Table Lamp | H91: 1 | I91: 1100 | J91: completed | K91: =PROPER(TRIM(C91)) -> Meera | L91: =PROPER(TRIM(D91)) -> Patil | M91: =VLOOKUP(G:G,products!A:B,2,FALSE) -> Home | N91: =_xlfn.XLOOKUP(G91,products!$A$2:$A$10,products!$C$2:$C$10,"UNKNOWN_ITEM") -> 1100 | O91: =N91*H91 -> 1100

Sheet products
A1: item | B1: category | C1: unit_price
A2: Air Fryer | B2: Home | C2: 5200
A3: Bedsheet Set | B3: Home | C3: 1900
A4: Bluetooth Speaker | B4: Electronics | C4: 2800
A5: Cotton Kurta | B5: Apparel | C5: 1400
A6: Denim Jacket | B6: Apparel | C6: 2500
A7: Running Shoes | B7: Apparel | C7: 3600
A8: Smart Watch | B8: Electronics | C8: 4500
A9: Table Lamp | B9: Home | C9: 1100
A10: Wireless Earbuds | B10: Electronics | C10: 3200

Sheet completed_orders
A1: order_id | B1: order_month | C1: clean_first_name | D1: clean_last_name | E1: region | F1: rep_name | G1: item | H1: category | I1: unit_price | J1: quantity | K1: amount | L1: revenue_calc | M1: status
A2: 1061 | B2: 2026-11 | C2: Nisha | D2: Mishra | E2: West | F2: Neha Kulkarni | G2: Air Fryer | H2: Home | I2: 5200 | J2: 3 | K2: 15600 | L2: 15600 | M2: completed
A3: 1065 | B3: 2026-11 | C3: Tanvi | D3: Thakur | E3: South | F3: Kavya Nair | G3: Air Fryer | H3: Home | I3: 5200 | J3: 3 | K3: 15600 | L3: 15600 | M3: completed
A4: 1069 | B4: 2026-11 | C4: Aditya | D4: Rao | E4: East | F4: Sanjay Roy | G4: Air Fryer | H4: Home | I4: 5200 | J4: 3 | K4: 15600 | L4: 15600 | M4: completed | O4: COUNT | P4: =COUNT(K:K) -> 63
A5: 1077 | B5: 2026-11 | C5: Rahul | D5: Verma | E5: East | F5: Sanjay Roy | G5: Air Fryer | H5: Home | I5: 5200 | J5: 3 | K5: 15600 | L5: 15600 | M5: completed | O5: SUM | P5: =SUM(K:K) -> 346200
A6: 1006 | B6: 2026-09 | C6: Vikram | D6: Singh | E6: North | F6: Arjun Mehta | G6: Smart Watch | H6: Electronics | I6: 4500 | J6: 3 | K6: 13500 | L6: 13500 | M6: completed | O6: AVERAGE | P6: =AVERAGE(K:K) -> 5495.2381
A7: 1040 | B7: 2026-10 | C7: Aarav | D7: Sharma | E7: North | F7: Arjun Mehta | G7: Smart Watch | H7: Electronics | I7: 4500 | J7: 3 | K7: 13500 | L7: 13500 | M7: completed | O7: MIN | P7: =MIN(K:K) -> 1100
A8: 1021 | B8: 2026-09 | C8: Manoj | D8: Desai | E8: North | F8: Arjun Mehta | G8: Air Fryer | H8: Home | I8: 5200 | J8: 2 | K8: 10400 | L8: 10400 | M8: completed | O8: MAX | P8: =MAX(K:K) -> 15600
A9: 1022 | B9: 2026-09 | C9: Vikram | D9: Singh | E9: North | F9: Arjun Mehta | G9: Air Fryer | H9: Home | I9: 5200 | J9: 2 | K9: 10400 | L9: 10400 | M9: completed
A10: 1083 | B10: 2026-11 | C10: Lakshmi | D10: Kapoor | E10: South | F10: Kavya Nair | G10: Air Fryer | H10: Home | I10: 5200 | J10: 2 | K10: 10400 | L10: 10400 | M10: completed
A11: 1054 | B11: 2026-10 | C11: Manoj | D11: Desai | E11: North | F11: Arjun Mehta | G11: Wireless Earbuds | H11: Electronics | I11: 3200 | J11: 3 | K11: 9600 | L11: 9600 | M11: completed
A12: 1090 | B12: 2026-11 | C12: Karthik | D12: Nair | E12: East | F12: Sanjay Roy | G12: Wireless Earbuds | H12: Electronics | I12: 3200 | J12: 3 | K12: 9600 | L12: 9600 | M12: completed
A13: 1015 | B13: 2026-09 | C13: Lakshmi | D13: Kapoor | E13: South | F13: Kavya Nair | G13: Smart Watch | H13: Electronics | I13: 4500 | J13: 2 | K13: 9000 | L13: 9000 | M13: completed
A14: 1049 | B14: 2026-10 | C14: Aarav | D14: Sharma | E14: North | F14: Arjun Mehta | G14: Smart Watch | H14: Electronics | I14: 4500 | J14: 2 | K14: 9000 | L14: 9000 | M14: completed
A15: 1016 | B15: 2026-09 | C15: Pooja | D15: Menon | E15: West | F15: Neha Kulkarni | G15: Denim Jacket | H15: Apparel | I15: 2500 | J15: 3 | K15: 7500 | L15: 7500 | M15: completed
A16: 1019 | B16: 2026-09 | C16: Vikram | D16: Singh | E16: North | F16: Arjun Mehta | G16: Running Shoes | H16: Apparel | I16: 3600 | J16: 2 | K16: 7200 | L16: 7200 | M16: completed
A17: 1034 | B17: 2026-10 | C17: Divya | D17: Gupta | E17: West | F17: Neha Kulkarni | G17: Running Shoes | H17: Apparel | I17: 3600 | J17: 2 | K17: 7200 | L17: 7200 | M17: completed
A18: 1074 | B18: 2026-11 | C18: Nisha | D18: Mishra | E18: West | F18: Neha Kulkarni | G18: Running Shoes | H18: Apparel | I18: 3600 | J18: 2 | K18: 7200 | L18: 7200 | M18: completed
A19: 1086 | B19: 2026-11 | C19: Manoj | D19: Desai | E19: North | F19: Arjun Mehta | G19: Running Shoes | H19: Apparel | I19: 3600 | J19: 2 | K19: 7200 | L19: 7200 | M19: completed
A20: 1008 | B20: 2026-09 | C20: Sneha | D20: Das | E20: West | F20: Neha Kulkarni | G20: Wireless Earbuds | H20: Electronics | I20: 3200 | J20: 2 | K20: 6400 | L20: 6400 | M20: completed
... A64: 1089 | B64: 2026-11 | C64: Meera | D64: Patil | E64: South | F64: Kavya Nair | G64: Table Lamp | H64: Home | I64: 1100 | J64: 1 | K64: 1100 | L64: 1100 | M64: completed

Sheet two_pivot_table
A3: Sum of amount | B3: Column Labels
A4: Row Labels | B4: East | C4: North | D4: South | E4: West | F4: Grand Total
A5: Apparel | B5: 10600 | C5: 19400 | D5: 10000 | E5: 37500 | F5: 77500
A6: Electronics | B6: 21400 | C6: 73400 | D6: 28700 | E6: 18800 | F6: 142300
A7: Home | B7: 37500 | C7: 26500 | D7: 43800 | E7: 18600 | F7: 126400
A8: Grand Total | B8: 69500 | C8: 119300 | D8: 82500 | E8: 74900 | F8: 346200
A11: Row Labels | B11: Sum of amount | C11: Count of order_id
A12: 2026-09 | B12: 98300 | C12: 19
A13: 2026-10 | B13: 93100 | C13: 20
A14: 2026-11 | B14: 154800 | C14: 24
A15: Grand Total | B15: 346200 | C15: 63
